"","country","gdp_per_capita","literacy_rate","physicians_per_1_000_people","hospital_beds_per_1_000_people","nurses_and_midwives_per_1_000_people","physicians_lvl","hospital_lvl","nurses_lvl","h_sys_inf_index","days_academic_break","days_fully_closed","days_fully_open","days_partially_closed","instruction_days","prop_instruction","prop_closed","prop_break","prop_open","open_rank","instruction_rank","closed_rank","break_rank","schooling_time_index","country_code","confirmed_cases","confirmed_deaths","avg_cases","avg_deaths","avg_stringency","avg_gresponse","avg_containtment","avg_econsupport","avg_nCFR","avg_adjCFR","avg_hp_index","talent_competitiveness_ranking_imd","position_2020","best_countries_for_education_ranking_us_news_2020","best_countries_for_education_ranking_us_news_2021","quality_of_education_system_ceoworld","opportunity_in_education_ceoworld","pisa_reading_2018","pisa_math_2018","pisa_science_2018","pisa_index","ceoworld_index"
"1","Albania",5246.29230634793,98.1411514282227,1.6471,2.89,5.088,1,2,2,5,77,41,92,25,158,0.481707317073171,0.125,0.234756097560976,0.280487804878049,134,32,148,32,346,"ALB",55380,1134,10804.4753623188,256.159420289855,58.555884057971,54.9706086956522,56.0434492753623,47.463768115942,0.0256136091010732,42.4977241202555,9.29855072463768,NA,NA,NA,NA,24,24,17,31,20,68,48
"2","Argentina",8579.01777315683,99.0038681030273,3.9901,4.99,2.5996,2,2,1,5,33,111,3,88,202,0.615853658536585,0.338414634146341,0.100609756097561,0.00914634146341463,29,165,38,165,397,"ARG",1574554,42422,429960.64057971,11022.684057971,75.6773043478261,NA,NA,NA,0.0249675785996584,46.2479578392754,9.19476744186047,17,47,29,34,30,30,15,7,13,35,60
"3","Australia",51692.8427477695,99,3.7595,3.84,13.2416,2,2,3,7,37,0,73,125,198,0.603658536585366,0,0.11280487804878,0.222560975609756,104,154,189,154,601,"AUS",28297,908,14757.1710144928,385.344927536232,59.254347826087,56.3395072463768,55.5469275362319,61.8840579710145,0.0187504213372256,80.4271015176963,9.16521739130435,51,13,7,8,88,88,61,50,62,173,176
"4","Austria",48586.8013213238,99,5.2114,7.27,7.0891,3,3,2,8,58,71,85,21,177,0.539634146341463,0.216463414634146,0.176829268292683,0.259146341463415,124,84,88,84,380,"AUT",349055,5783,64198.3014492754,1033.17391304348,49.9300579710145,53.9936231884058,50.8684347826087,75.8695652173913,0.0210242931681538,78.3103258743979,9.3536231884058,58,6,13,16,51,50,50,56,51,157,101
"5","Azerbaijan",4221.40747847848,99.7959823608398,3.446,4.82,6.4338,2,2,2,6,88,111,0,36,147,0.448170731707317,0.338414634146341,0.268292682926829,0,1,12,38,12,63,"AZE",211764,2416,37533.4260869565,469.327536231884,69.4645797101449,58.4968695652174,61.7240869565217,35.9057971014493,0.0118268651270387,89.5113057823923,8.73043478260869,NA,NA,61,65,23,23,10,23,11,44,46
"6","Bosnia and Herzegovina",6079.73828544838,96.9917678833008,2.1616,3.49,5.7333,1,2,2,5,81,54,0,100,154,0.469512195121951,0.164634146341463,0.246951219512195,0,1,27,123,27,178,"BIH",108891,3901,23332.284057971,727.057971014493,49.6719130434783,40.7280289855072,44.588115942029,13.695652173913,0.0295210461224215,35.3907881766709,7.87826086956522,NA,NA,NA,NA,NA,NA,NA,NA,NA,NA,NA
"7","Brazil",6796.84454227877,93.2275009155273,2.3106,2.09,7.4008,1,1,2,4,34,191,1,9,201,0.61280487804878,0.582317073170732,0.103658536585366,0.00304878048780488,20,162,5,162,349,"BRA",7448560,190488,2582248.01449275,78469.1536231884,60.8612173913043,54.0234202898551,55.9862028985507,40.2898550724638,0.032559022216001,35.1263701003172,9.14492753623188,5,59,30,36,45,45,21,9,13,43,90
"8","Brunei",27442.95382794,97.214111328125,1.609,2.85,5.8974,1,2,2,5,35,44,117,39,200,0.609756097560976,0.134146341463415,0.106707317073171,0.356707317073171,163,159,139,159,620,NA,NA,NA,NA,NA,NA,NA,NA,NA,NA,NA,NA,NA,NA,NA,NA,NA,NA,NA,NA,NA,NA,NA
"9","Bulgaria",10079.2033812203,98.3524475097656,4.2071,7.45,4.7853,2,3,2,7,70,80,41,44,165,0.503048780487805,0.24390243902439,0.213414634146341,0.125,76,46,70,46,238,"BGR",196915,7073,32161.9043478261,1008.08405797101,42.8080289855072,40.1490724637681,38.1673623188406,54.0217391304348,0.032780111088373,34.3373371862837,6.06666666666667,9,55,43,49,42,42,24,30,23,77,84
"10","Canada",43258.176319834,99,2.4425,2.52,11.812,2,2,3,7,70,66,2,97,165,0.503048780487805,0.201219512195122,0.213414634146341,0.00609756097560976,24,46,104,46,220,"CAN",545983,14966,140606.750724638,7006.19710144928,58.3529565217391,53.7579130434783,53.912,52.6811594202899,0.049362846300219,31.1360082600546,9.14492753623188,56,8,3,4,83,83,71,67,71,209,166
"11","Chile",13231.7042069383,96.4022827148438,5.1824,2.06,13.3248,3,1,3,7,33,67,3,132,202,0.615853658536585,0.204268292682927,0.100609756097561,0.00914634146341463,29,165,101,165,460,"CHL",595831,16358,267963.620289855,6970.7768115942,66.4843768115942,61.6962608695652,61.5911594202899,62.4275362318841,0.0175291009536336,77.2394061802302,9.22028985507246,23,41,35,48,37,37,35,20,34,89,74
"12","China",10434.7751874839,96.8408889770508,1.9798,4.31,2.6621,1,2,1,4,51,33,75,76,184,0.560975609756098,0.100609756097561,0.155487804878049,0.228658536585366,107,117,160,117,501,"CHN",86933,4634,79512.2347826087,4055.46956521739,72.1795652173913,64.2327826086957,69.0567826086957,30.4710144927536,0.0494851900855607,29.7360234337721,11.3217391304348,24,40,24,22,26,26,76,77,77,230,52
"13","Colombia",5334.55604233917,95.6363296508789,3.8441,1.71,0.4235,2,1,1,4,59,115,3,58,176,0.536585365853659,0.350609756097561,0.179878048780488,0.00914634146341463,29,80,35,80,224,"COL",1574707,41690,450268.510144928,13291.0434782609,67.0171884057971,60.6102608695652,60.4779710144928,61.5217391304348,0.0263162462338279,38.2465324219833,9.26086956521739,6,58,49,51,8,8,20,10,16,46,16
"14","Costa Rica",12140.8541545754,97.8637924194336,2.8939,1.1,3.4144,2,1,1,4,42,189,4,0,193,0.588414634146341,0.576219512195122,0.128048780487805,0.0121951219512195,49,144,6,144,343,"CRI",162990,2086,42056.1043478261,505.973913043478,57.6971304347826,47.869768115942,48.9751884057971,40.1449275362319,0.0080773751512202,135.182358330873,6.51014492753623,NA,NA,54,6161,11,11,29,16,19,64,22
"15","Croatia",14134.1626811193,99.125358581543,2.9996,5.54,6.192,2,2,2,6,55,40,130,10,180,0.548780487804878,0.121951219512195,0.167682926829268,0.396341463414634,172,97,150,97,516,"HRV",203962,3548,28759.3449275362,454.739130434783,45.9479130434783,50.9296811594203,49.8206086956522,58.695652173913,0.0199211416270972,66.548223915393,9.89855072463768,11,53,33,43,56,56,47,39,43,129,112
"16","Czech Republic",22932.2249686565,99.83,4.1157,6.62,8.4246,2,3,2,7,54,68,31,82,181,0.551829268292683,0.207317073170732,0.164634146341463,0.0945121951219512,68,103,96,103,370,NA,NA,NA,NA,NA,NA,NA,NA,NA,NA,NA,NA,NA,NA,NA,NA,NA,NA,NA,NA,NA,NA,NA
"17","Denmark",61063.3164304238,99,4.2247,2.6,10.5515,2,2,3,7,44,37,115,39,191,0.582317073170732,0.11280487804878,0.134146341463415,0.350609756097561,161,138,154,138,591,"DNK",149333,1134,26706.0869565217,512.692753623188,48.425768115942,47.7702608695652,44.5002898550725,70.6521739130435,0.0274182442503407,60.4019928596529,7.19420289855072,62,2,10,12,83,84,60,65,54,179,167
"18","Dominican Republic",7268.1969096591,93.7784576416016,1.4518,1.56,1.4594,1,1,1,3,58,171,6,0,177,0.539634146341463,0.521341463414634,0.176829268292683,0.0182926829268293,51,84,11,84,230,"DOM",165035,2404,61352.8260869565,1101.8,67.0919420289855,54.4346666666667,59.3136231884058,20.2898550724638,0.0204698430154058,55.2182888497045,8.6695652173913,NA,NA,60,69,14,13,2,1,1,4,27
"19","Finland",48773.2811691347,99,4.6404,3.61,14.8773,3,2,3,8,73,42,120,0,162,0.49390243902439,0.128048780487805,0.222560975609756,0.365853658536585,167,43,143,43,396,"FIN",34648,524,9339.20869565217,257.739130434783,41.234115942029,40.8588985507246,38.4980869565217,57.3913043478261,0.0272139512449699,53.8342129681643,6.57971014492754,52,12,15,15,78,78,71,63,73,207,156
"20","France",39030.3603713482,99,6.5344,5.91,11.4707,3,3,3,9,64,30,128,13,171,0.521341463414634,0.0914634146341463,0.195121951219512,0.390243902439024,170,64,163,64,461,"FRA",2545358,62063,588592.295652174,26763.1536231884,57.5979130434783,55.7615072463768,54.8152753623188,62.3913043478261,0.0846545883059472,25.6738603882471,9.68405797101449,36,28,5,5,85,85,55,53,54,162,170
"21","Germany",46208.4294717472,99,4.2996,8,13.4858,3,3,3,9,51,42,92,50,184,0.560975609756098,0.128048780487805,0.155487804878049,0.280487804878049,134,117,143,117,511,"DEU",1632736,29580,340007.765217391,8512.64057971015,54.9666086956522,51.8909275362319,53.8859130434783,37.9347826086956,0.0268755503003479,71.0440456822184,9.29275362318841,53,11,4,3,82,82,58,58,62,178,164
"22","Greece",17622.5410033504,97.9359512329102,6.2262,4.2,3.7019,3,2,1,6,77,61,44,53,158,0.481707317073171,0.185975609756098,0.234756097560976,0.134146341463415,82,32,114,32,260,"GRC",134852,4507,23123.0724637681,604.382608695652,57.8318550724638,56.3280579710145,55.839884057971,59.7463768115942,0.0310465367321277,41.6674820621124,9.55652173913044,27,37,26,28,63,64,36,34,35,105,127
"23","Hong Kong SAR, China",46323.8634424384,99,NA,NA,NA,NA,NA,NA,NA,NA,NA,NA,NA,NA,NA,NA,NA,NA,NA,NA,NA,NA,NA,NA,NA,NA,NA,NA,NA,NA,NA,NA,NA,NA,NA,NA,NA,NA,NA,NA,NA,NA,NA,NA,NA,NA
"24","Hungary",15980.740889649,99.0999984741211,3.4075,7.01,5.2593,2,3,2,7,48,73,51,63,187,0.570121951219512,0.222560975609756,0.146341463414634,0.155487804878049,84,124,85,124,417,"HUN",314164,8833,45104.6869565217,1311.51594202899,51.4298260869565,48.0946086956522,47.8952463768116,49.4927536231884,0.0665849657935433,25.5512615855614,7.6,14,50,30,30,67,67,44,43,47,134,134
"25","Iceland",59270.1800510483,99,4.1416,2.83,17.1888,2,2,3,7,54,0,150,31,181,0.551829268292683,0,0.164634146341463,0.457317073170732,184,103,189,103,579,"ISL",5683,28,2341.61739130435,10.6492753623188,41.8003768115942,49.8467536231884,45.2989565217391,81.6666666666667,0.00396556667365932,270.117441270294,9.12753623188406,60,4,NA,NA,66,66,42,53,44,139,132
"26","Indonesia",3869.58842704537,95.9990081787109,0.4651,1.04,3.807,1,1,2,4,31,102,3,99,204,0.621951219512195,0.310975609756098,0.0945121951219512,0.00914634146341463,29,170,45,170,414,"IDN",700097,20847,175576.014492754,6228.06666666667,57.6396231884058,46.8388985507246,50.0685507246377,24.2391304347826,0.0431503893754025,26.5021266049825,8.19130434782609,19,45,55,54,NA,NA,6,7,9,22,NA
"27","Italy",31714.2209467105,99.15576171875,8.013,3.14,5.8867,3,2,2,7,77,66,35,57,158,0.481707317073171,0.201219512195122,0.234756097560976,0.106707317073171,71,32,104,32,239,"ITA",2028354,71359,438552.924637681,30673.7449275362,68.604347826087,64.4567826086956,65.5064057971015,57.1014492753623,0.0946415685059334,16.7560600657709,11.0811594202899,28,36,16,14,48,48,44,48,39,131,96
"28","Japan",40193.2524448357,99.96,2.4796,12.98,12.6978,2,3,3,8,30,11,154,40,205,0.625,0.0335365853658537,0.0914634146341463,0.469512195121951,186,174,185,174,719,"JPN",214575,3016,53552.252173913,1040.47246376812,34.4695652173913,41.6384927536232,37.2653913043478,72.2463768115942,0.0259317127055821,57.2077320300208,8.01449275362319,26,38,11,7,80,80,63,73,74,210,160
"29","Jordan",4282.76582461621,98.2271118164063,2.3237,1.47,3.347,1,1,1,3,56,148,3,28,179,0.545731707317073,0.451219512195122,0.170731707317073,0.00914634146341463,29,92,20,92,233,"JOR",285306,3711,40843.2463768116,500.942028985507,61.8387246376812,49.5315652173913,52.1748405797101,31.0144927536232,0.0089220283585767,113.463319608576,NA,15,49,53,58,4,4,23,14,28,65,8
"30","Kazakhstan",9122.23343021644,99.7816314697266,3.98,6.06,7.2936,2,3,2,7,89,46,3,97,146,0.445121951219512,0.140243902439024,0.271341463414634,0.00914634146341463,29,11,136,11,187,"KAZ",196216,2669,74520.3333333333,992.202898550725,68.1207246376812,55.6738550724638,60.144231884058,24.3840579710145,0.00874288915103253,126.418147333461,8.78840579710145,20,44,70,71,28,29,9,25,10,44,57
"31","Korea, Rep.",31631.4694509866,97.9,2.4082,12.43,7.4625,2,3,2,7,12,50,57,116,223,0.679878048780488,0.152439024390244,0.0365853658536585,0.173780487804878,89,192,130,192,603,NA,NA,NA,NA,NA,NA,NA,NA,NA,NA,NA,NA,NA,NA,NA,NA,NA,NA,NA,NA,NA,NA,NA
"32","Latvia",17726.2529351368,99.8893127441406,3.3015,5.49,4.6174,2,2,2,6,76,43,103,13,159,0.484756097560976,0.13109756097561,0.231707317073171,0.314024390243902,148,36,141,36,361,"LVA",35420,502,4401.62898550725,64.6028985507246,45.1282608695652,47.0217101449275,45.7784347826087,55.7246376811594,0.0149126644454408,74.3101108907463,8.72753623188406,31,33,50,50,59,59,47,55,50,152,118
"33","Lebanon",4649.54764607837,95.0694427490234,2.1038,2.73,1.6735,1,2,1,4,85,106,0,44,150,0.457317073170732,0.323170731707317,0.259146341463415,0,1,16,44,16,77,"LBN",168069,1367,32056.431884058,271.530434782609,63.1918260869565,52.6475652173913,54.6926376811594,38.3333333333333,0.014222286171432,94.8371084781974,7.87536231884058,NA,NA,69,70,10,10,3,11,7,21,20
"34","Lithuania",20233.6413480843,99.8155975341797,5.0399,6.43,9.4452,3,3,2,8,64,72,64,35,171,0.521341463414634,0.219512195121951,0.195121951219512,0.195121951219512,96,64,87,64,311,"LTU",127547,1510,14066.9536231884,171.765217391304,44.6549565217391,44.6455942028986,43.0431304347826,55.8695652173913,0.017292271319922,66.7211462022333,6.78550724637681,37,27,45,42,53,54,44,43,48,135,107
"35","Luxembourg",116014.602496869,99,3.0073,4.26,12.1744,2,2,3,7,55,45,118,17,180,0.548780487804878,0.13719512195122,0.167682926829268,0.359756097560976,165,97,137,97,496,"LUX",45209,458,9938.71304347826,126.2,45.330115942029,50.9691594202899,46.7595652173913,80.4347826086957,0.014515534680887,80.7864476174362,8.91884057971014,61,3,NA,NA,70,70,40,46,45,131,140
"36","Malaysia",10412.3489834381,94.9711303710938,1.5358,1.88,3.4843,1,1,1,3,23,99,75,38,212,0.646341463414634,0.301829268292683,0.0701219512195122,0.228658536585366,107,181,51,181,520,"MYS",101565,449,18278.7246376812,143.884057971014,59.0806086956522,60.6094202898551,60.7794202898551,59.4202898550725,0.0100706810753781,117.58646220557,11.0985507246377,39,25,39,38,28,28,22,32,31,85,56
"37","Mexico",8329.27131263927,95.2478485107422,4.8496,0.98,2.3646,3,1,1,5,47,180,8,0,188,0.573170731707317,0.548780487804878,0.143292682926829,0.024390243902439,56,129,8,129,322,"MEX",1372243,121837,431948.443478261,43529.5855072464,60.886115942029,46.8481449275362,50.9320579710145,18.2608695652174,0.0816291295490055,15.5251340299552,7.18840579710145,8,56,36,37,35,35,24,18,21,63,70
"38","Moldova",4547.05972064671,99.3598937988281,2.5586,5.66,3.9329,2,3,2,7,55,80,100,0,180,0.548780487804878,0.24390243902439,0.167682926829268,0.304878048780488,143,97,70,97,407,NA,NA,NA,NA,NA,NA,NA,NA,NA,NA,NA,NA,NA,NA,NA,NA,NA,NA,NA,NA,NA,NA,NA
"39","Montenegro",7677.15222569996,98.8471832275391,2.7557,3.86,5.2294,2,2,2,6,92,63,80,0,143,0.435975609756098,0.192073170731707,0.280487804878049,0.24390243902439,117,8,110,8,243,NA,NA,NA,NA,NA,NA,NA,NA,NA,NA,NA,NA,NA,NA,NA,NA,19,19,26,26,18,70,38
"40","Netherlands",52397.1167129558,99,3.7066,3.17,11.4851,2,2,3,7,49,56,112,18,186,0.567073170731707,0.170731707317073,0.149390243902439,0.341463414634146,157,123,118,123,521,"NLD",744057,10924,146241.431884058,5243.59710144928,52.2296811594203,50.8495652173913,48.2989855072464,68.695652173913,0.0663534504461586,30.8329419329206,7.55652173913044,54,10,9,10,87,87,52,70,62,184,174
"41","New Zealand",41441.4666667011,99,3.4205,2.57,11.1421,2,2,3,7,62,14,133,26,173,0.527439024390244,0.0426829268292683,0.189024390243902,0.405487804878049,174,74,180,74,502,"NZL",2128,25,1366.38260869565,17.336231884058,38.7448985507246,42.7330724637681,39.9075362318841,62.5,0.0100932946774375,130.251013764969,7.60579710144928,43,21,14,11,69,69,66,52,67,185,138
"42","North Macedonia",5917.26257545221,98.3635711669922,2.8736,4.28,3.7917,2,2,1,5,56,102,0,77,179,0.545731707317073,0.310975609756098,0.170731707317073,0,1,92,45,92,230,NA,NA,NA,NA,NA,NA,NA,NA,NA,NA,NA,NA,NA,NA,NA,NA,NA,NA,NA,NA,NA,NA,NA
"43","Norway",67389.912047247,99,4.885,3.53,18.3493,3,2,3,8,54,22,149,10,181,0.551829268292683,0.0670731707317073,0.164634146341463,0.454268292682927,182,103,171,103,559,"NOR",46248,421,12838.7768115942,210.176811594203,44.2658550724638,37.5464637681159,38.4540289855073,31.195652173913,0.0169448657218893,81.9626798551923,5.68405797101449,57,7,12,13,73,73,59,60,51,170,146
"44","Panama",12509.8352901414,95.7360763549805,1.6324,2.25,3.2055,1,1,1,3,23,211,1,0,212,0.646341463414634,0.643292682926829,0.0701219512195122,0.00304878048780488,20,181,1,181,383,"PAN",226660,3756,66003.6695652174,1307.44347826087,67.7444057971015,59.1750434782609,60.5208405797101,49.7463768115942,0.0190446728271164,56.8967258992909,8.9536231884058,NA,NA,56,60,NA,NA,7,3,3,13,NA
"45","Peru",6126.87453978867,94.497932434082,0.82,1.59,2.9772,1,1,1,3,34,77,3,121,201,0.61280487804878,0.234756097560976,0.103658536585366,0.00914634146341463,29,162,74,162,427,"PER",1003982,92229,419219.776811594,44280.0985507246,71.5802898550725,63.8481739130435,64.4407246376812,59.7101449275362,0.107110094151619,10.6022094417561,9.45507246376812,13,51,59,63,NA,NA,14,14,13,41,NA
"46","Philippines",3298.82958569657,96.2781677246094,0.6004,0.99,5.4439,1,1,2,4,91,141,0,3,144,0.439024390243902,0.429878048780488,0.277439024390244,0,1,9,23,9,42,"PHL",467601,9062,155164.733333333,3038.40289855072,70.3041449275362,59.1913913043478,62.3012753623188,37.4275362318841,0.0647009296724212,47.6644877533826,8.85797101449275,NA,NA,NA,NA,NA,NA,NA,NA,NA,NA,NA
"47","Poland",15720.994663556,98.74,2.3788,6.54,6.8926,2,3,2,7,58,96,42,39,177,0.539634146341463,0.292682926829268,0.176829268292683,0.128048780487805,79,84,56,84,303,"POL",1249079,26992,202268.44057971,4122.70724637681,50.5862898550725,45.5344057971014,45.9951304347826,42.3188405797101,0.0264431700396919,45.4526005923135,7.80869565217391,29,35,23,26,61,61,68,69,68,205,122
"48","Portugal",22176.2967116929,96.1375885009766,5.3117,3.45,6.8987,3,2,2,7,84,34,84,33,151,0.460365853658537,0.103658536585366,0.25609756097561,0.25609756097561,121,19,156,19,315,"PRT",391782,6478,82693.5072463768,1783.64057971014,57.5504057971014,54.6379130434783,53.343768115942,63.695652173913,0.0241279108024834,49.624616247177,8.6695652173913,38,26,20,25,57,57,54,51,53,158,114
"49","Qatar",50124.3859361728,93.4639663696289,2.4852,1.25,7.197,2,1,2,5,66,68,0,101,169,0.515243902439024,0.207317073170732,0.201219512195122,0,1,57,96,57,211,"QAT",142734,244,76859.1362318841,119.744927536232,64.4566956521739,55.8799130434783,57.8620869565217,41.9927536231884,0.00119816784840946,881.84789997897,8.23768115942029,35,9,37,41,24,25,18,19,21,58,49
"50","Romania",12896.0886211622,98.8444976806641,2.9807,6.89,6.0922,2,3,2,7,78,108,0,49,157,0.478658536585366,0.329268292682927,0.23780487804878,0,1,30,41,30,102,"ROU",612373,15023,121234.362318841,3618.24057971015,52.9925217391304,49.0220869565217,45.8697101449275,71.0869565217391,0.0359078796245613,30.384368887486,6.56811594202899,7,57,40,47,44,44,31,26,24,81,88
"51","Russian Federation",10126.7217935297,99.7300567626953,4.4395,7.12,4.5333,3,3,2,8,68,0,102,65,167,0.509146341463415,0,0.207317073170732,0.310975609756098,146,53,189,53,441,NA,NA,NA,NA,NA,NA,NA,NA,NA,NA,NA,NA,NA,NA,NA,NA,NA,NA,NA,NA,NA,NA,NA
"52","Saudi Arabia",20110.3161924912,97.5850677490234,2.6117,2.24,5.8174,2,1,2,5,72,163,0,0,163,0.496951219512195,0.496951219512195,0.219512195121951,0,1,44,16,44,105,"SAU",361903,6168,187917.48115942,2520.68695652174,60.6968405797101,56.8292753623188,57.9674492753623,48.8768115942029,0.00956618776853909,115.017228770739,9.5536231884058,30,34,46,35,53,53,13,6,8,27,106
"53","Serbia",7720.51057195234,99.4825286865234,3.1131,5.61,6.0855,2,2,2,6,74,77,84,0,161,0.490853658536585,0.234756097560976,0.225609756097561,0.25609756097561,121,40,74,40,275,"SRB",320167,2931,46102.2753623188,599.513043478261,52.4031304347826,46.926347826087,47.7406666666667,41.231884057971,0.0156472015448055,70.9878811313573,7.40289855072464,NA,NA,58,63,41,41,33,33,33,99,82
"54","Slovakia",19266.5135736247,99.62,3.517,5.7,6.0156,2,3,2,7,63,51,28,93,172,0.524390243902439,0.155487804878049,0.192073170731707,0.0853658536585366,67,69,129,69,334,NA,NA,NA,NA,NA,NA,NA,NA,NA,NA,NA,NA,NA,NA,NA,NA,NA,NA,NA,NA,NA,NA,NA
"55","Slovenia",25517.33066526,99.6999969482422,3.1721,4.43,10.2248,2,2,3,7,58,83,55,39,177,0.539634146341463,0.253048780487805,0.176829268292683,0.167682926829268,87,84,67,84,322,"SVN",113815,2507,16280.3971014493,342.924637681159,53.0628405797101,51.7489275362319,51.0772753623188,56.4492753623188,0.0348955134567903,49.9402602697525,8.65507246376812,34,30,41,53,75,75,57,65,66,188,150
"56","Spain",27063.1939180299,98.5944595336914,4.0299,2.97,6.0795,2,2,2,6,54,50,106,25,181,0.551829268292683,0.152439024390244,0.164634146341463,0.323170731707317,154,103,130,103,490,"ESP",1854951,49824,540632.307246377,25275.6434782609,59.6974202898551,54.7260289855072,52.2334202898551,72.1739130434783,0.0627532129574959,24.9731827532093,7.82898550724638,32,32,18,17,46,46,NA,43,49,NA,92
"57","Switzerland",87097.0364503764,99,4.3328,4.63,17.8949,3,2,3,8,52,29,152,2,183,0.557926829268293,0.0884146341463415,0.158536585365854,0.463414634146341,185,114,166,114,579,"CHE",428197,7352,84034.8347826087,2013.37101449275,44.8591014492754,45.0143188405797,46.4714202898551,34.8188405797101,0.0331195056633436,44.9508274754108,8.87536231884058,63,1,6,6,81,81,50,68,56,174,162
"58","Thailand",7186.87409206525,93.7677612304688,0.9188,2.2,3.1522,1,1,1,3,54,64,97,20,181,0.551829268292683,0.195121951219512,0.164634146341463,0.295731707317073,140,103,108,103,454,"THA",6020,60,2821.35942028986,45.104347826087,48.8053043478261,49.602,46.1595362318841,73.695652173913,0.0140982296590744,90.4654781301889,8.15942028985507,21,43,48,46,39,39,11,22,24,57,78
"59","Turkey",8536.43331960632,96.7422103881836,1.8065,2.85,3.0027,1,2,1,4,62,129,3,41,173,0.527439024390244,0.393292682926829,0.189024390243902,0.00914634146341463,29,74,31,74,208,"TUR",2118255,19371,321103.904347826,5981.25507246377,56.8779420289855,56.6544347826087,55.6233913043478,63.8768115942029,0.0198783749690213,53.8013670448469,9.80579710144928,18,46,31,31,38,38,38,37,39,114,76
"60","Ukraine",3726.92714937055,99.97,2.9923,7.46,6.661,2,3,2,7,55,89,90,1,180,0.548780487804878,0.271341463414634,0.167682926829268,0.274390243902439,129,97,62,97,385,"UKR",1041583,18255,193937.68115942,3594.31304347826,56.3437101449275,NA,NA,NA,0.0239234657696649,51.899344006286,9.47674418604651,22,42,38,40,NA,NA,38,36,41,115,NA
"61","United Arab Emirates",36284.5552429552,97.5569229125977,2.5278,1.38,5.7271,2,1,2,5,67,168,0,0,168,0.51219512195122,0.51219512195122,0.204268292682927,0,1,55,14,55,125,"ARE",199665,653,64502.9623188406,288.750724637681,53.4772463768116,51.1399710144928,52.7510434782609,39.8550724637681,0.00471881838212254,226.273101929562,9.14782608695652,NA,NA,NA,NA,NA,NA,NA,NA,NA,NA,NA
"62","United Kingdom",41124.5347686731,99,5.8233,2.46,10.2922,3,2,3,8,54,62,79,40,181,0.551829268292683,0.189024390243902,0.164634146341463,0.240853658536585,115,103,112,103,433,"GBR",2221312,70195,501436.486956522,33174.1420289855,60.3405217391304,58.4693913043478,54.9275072463768,83.2608695652174,0.0850606626069501,24.1717065242138,9.12173913043478,41,23,2,2,90,90,63,61,65,189,180
"63","United States",63413.5138584508,99,2.6036,2.87,15.685,2,2,3,7,43,0,0,192,192,0.585365853658537,0,0.13109756097561,0,1,142,189,142,474,"USA",18930694,335832,5012137.53043478,135930.194202899,59.5825507246377,56.2325797101449,57.0203188405797,50.7246376811594,0.0329015373944265,39.4794586948976,10.1333333333333,NA,NA,NA,NA,NA,NA,NA,NA,NA,NA,NA
"64","Uruguay",15438.4116657291,98.7703475952148,0.8281,2.43,7.2173,1,2,2,5,84,20,37,94,151,0.460365853658537,0.0609756097560976,0.25609756097561,0.11280487804878,72,19,174,19,284,"URY",15848,143,2208.85217391304,35.5507246376812,42.6435652173913,43.8514492753623,41.0632753623188,63.3695652173913,0.0179002804764156,61.0546779440481,7.32463768115942,NA,NA,56,56,43,43,30,21,24,75,86
"65","Vietnam",2785.72416087603,95.7538681030273,4.9398,2.6,1.4463,3,2,1,6,66,24,117,28,169,0.515243902439024,0.0731707317073171,0.201219512195122,0.356707317073171,163,57,170,57,447,NA,NA,NA,NA,NA,NA,NA,NA,NA,NA,NA,NA,NA,NA,NA,NA,NA,NA,NA,NA,NA,NA,NA
"66","Morocco",3009.24945958152,73.7500076293945,0.7308,1,1.3887,1,1,1,3,43,87,85,20,192,0.585365853658537,0.265243902439024,0.13109756097561,0.259146341463415,124,142,64,142,472,"MAR",428193,7170,91969.4550724638,1562.95072463768,63.463884057971,57.8893913043478,58.5192463768116,53.4782608695652,0.0232054173418116,57.7658533861017,9.86376811594203,NA,NA,57,57,NA,NA,5,5,5,15,NA
"67","Belarus",6424.15217642722,99.8740005493164,5.1905,10.83,11.0027,3,3,3,9,76,0,159,0,159,0.484756097560976,0,0.231707317073171,0.484756097560976,189,36,189,36,450,"BLR",183006,1367,59220.168115942,500.313043478261,26.4351884057971,27.7868115942029,31.7589275362319,0,0.00665842330558084,140.217047857532,6.54492753623188,NA,NA,51,52,NA,NA,42,40,42,124,NA
"68","Malta",27884.6428274251,94.5031890869141,2.8598,4.49,9.4833,2,2,2,6,85,68,70,12,150,0.457317073170732,0.207317073170732,0.259146341463415,0.213414634146341,102,16,96,16,230,"MLT",12112,203,2666.83768115942,33.6144927536232,48.5374202898551,52.7147536231884,52.7153333333333,52.7173913043478,0.00855188764041117,106.870314297968,10.4086956521739,NA,NA,NA,NA,31,30,34,40,36,110,61
"69","Kosovo",4346.63793069721,91.9,NA,NA,NA,NA,NA,NA,NA,NA,NA,NA,NA,NA,NA,NA,NA,NA,NA,NA,NA,NA,NA,NA,NA,NA,NA,NA,NA,NA,NA,NA,NA,NA,NA,NA,NA,NA,NA,NA,NA,NA,NA,NA,NA,NA
"70","Georgia",4266.69079450924,99.5584411621094,7.0784,2.89,5.2162,3,2,2,7,87,76,0,72,148,0.451219512195122,0.231707317073171,0.265243902439024,0,1,13,80,13,107,"GEO",218724,2313,26877.1536231884,257.286956521739,63.4002898550725,52.7577971014493,56.3914202898551,27.3188405797101,0.00926545739154078,102.450821425451,NA,NA,NA,NA,NA,52,52,8,13,6,27,104
"71","Afghanistan",NA,NA,NA,NA,NA,NA,NA,NA,NA,32,115,55,33,203,0.61890243902439,0.350609756097561,0.0975609756097561,0.167682926829268,87,168,35,168,458,"AFG",51595,2135,24642.7565217391,859.266666666667,43.0950144927536,36.8925217391304,41.841652173913,2.2463768115942,0.0265998872941367,37.5845453594535,7.59159159159159,NA,NA,NA,NA,NA,NA,NA,NA,NA,NA,NA
"72","Angola",NA,NA,NA,NA,NA,NA,NA,NA,NA,0,139,9,87,235,0.716463414634146,0.423780487804878,0,0.0274390243902439,59,198,27,198,482,"AGO",17099,396,3893.94202898551,106.71884057971,61.8450434782609,NA,NA,NA,0.0396149390990682,29.2407532597622,5.81976744186047,NA,NA,NA,NA,NA,NA,NA,NA,NA,NA,NA
"73","Anguilla",NA,NA,NA,NA,NA,NA,NA,NA,NA,62,20,93,60,173,0.527439024390244,0.0609756097560976,0.189024390243902,0.283536585365854,136,74,174,74,458,NA,NA,NA,NA,NA,NA,NA,NA,NA,NA,NA,NA,NA,NA,NA,NA,NA,NA,NA,NA,NA,NA,NA
"74","Andorra",NA,NA,NA,NA,NA,NA,NA,NA,NA,50,77,105,3,185,0.564024390243902,0.234756097560976,0.152439024390244,0.320121951219512,152,120,74,120,466,"AND",7756,83,1979.19420289855,44.904347826087,40.7470434782609,47.4575652173913,43.1408695652174,77.6811594202899,0.032525287034249,45.8155512000414,8.28405797101449,NA,NA,NA,NA,NA,NA,NA,NA,NA,NA,NA
"75","Armenia",NA,NA,NA,NA,NA,NA,NA,NA,NA,120,45,40,30,115,0.350609756097561,0.13719512195122,0.365853658536585,0.121951219512195,75,3,137,3,218,NA,NA,NA,NA,NA,NA,NA,NA,NA,NA,NA,NA,NA,NA,NA,NA,NA,NA,NA,NA,NA,NA,NA
"76","Antigua and Barbuda",NA,NA,NA,NA,NA,NA,NA,NA,NA,64,78,2,91,171,0.521341463414634,0.23780487804878,0.195121951219512,0.00609756097560976,24,64,73,64,225,NA,NA,NA,NA,NA,NA,NA,NA,NA,NA,NA,NA,NA,NA,NA,NA,NA,NA,NA,NA,NA,NA,NA
"77","Burundi",NA,NA,NA,NA,NA,NA,NA,NA,NA,58,0,177,0,177,0.539634146341463,0,0.176829268292683,0.539634146341463,194,84,189,84,551,"BDI",786,2,286.414492753623,0.8,12.5648115942029,13.0096231884058,14.0863188405797,5.47101449275362,0.0139275994174099,374.672,3.16521739130435,NA,NA,NA,NA,NA,NA,NA,NA,NA,NA,NA
"78","Belgium",NA,NA,NA,NA,NA,NA,NA,NA,NA,57,36,102,40,178,0.542682926829268,0.109756097560976,0.173780487804878,0.310975609756098,146,90,155,90,481,"BEL",637246,19089,156034.87826087,8496.23768115942,54.3343768115942,53.9392173913043,51.7633333333333,69.1666666666667,0.0846041657478775,23.6495018000442,8.77101449275362,48,16,18,18,72,72,55,64,59,178,144
"79","Benin",NA,NA,NA,NA,NA,NA,NA,NA,NA,54,21,105,55,181,0.551829268292683,0.0640243902439024,0.164634146341463,0.320121951219512,152,103,172,103,530,"BEN",3205,44,1339.52463768116,21.8898550724638,40.1431594202899,39.8475942028985,40.1540579710145,37.7173913043478,0.0132987696060178,68.9109979184693,7.57971014492754,NA,NA,NA,NA,NA,NA,NA,NA,NA,NA,NA
"80","Burkina Faso",NA,NA,NA,NA,NA,NA,NA,NA,NA,85,48,81,21,150,0.457317073170732,0.146341463414634,0.259146341463415,0.246951219512195,118,16,134,16,284,"BFA",6134,77,1409.44057971014,44.7101449275362,38.279652173913,33.4854782608696,38.2708695652174,0,0.0353758746856431,33.3741187711604,7.07246376811594,NA,NA,NA,NA,NA,NA,NA,NA,NA,NA,NA
"81","Bangladesh",NA,NA,NA,NA,NA,NA,NA,NA,NA,33,198,4,0,202,0.615853658536585,0.603658536585366,0.100609756097561,0.0121951219512195,49,165,3,165,382,"BGD",507265,7398,199447.762318841,2807.93913043478,70.0137101449275,55.4737971014493,57.2794492753623,42.8260869565217,0.0185001177214501,73.7651792472298,7.28695652173913,NA,NA,NA,NA,NA,NA,NA,NA,NA,NA,NA
"82","Bahrain",NA,NA,NA,NA,NA,NA,NA,NA,NA,62,108,0,65,173,0.527439024390244,0.329268292682927,0.189024390243902,0,1,74,41,74,190,"BHR",91304,351,37477.4086956522,137.011594202899,58.5512463768116,59.9527246376812,58.1706086956522,72.4275362318841,0.00301399831608154,367.693170867153,10.336231884058,NA,NA,NA,NA,40,40,NA,NA,NA,NA,80
"83","Bahamas",NA,NA,NA,NA,NA,NA,NA,NA,NA,66,95,3,71,169,0.515243902439024,0.289634146341463,0.201219512195122,0.00914634146341463,29,57,57,57,200,"BHS",7788,169,2242.33623188406,51.0376811594203,67.2561739130435,58.5425507246377,61.9977101449275,34.3478260869565,0.0484481680582644,34.8937453676169,NA,NA,NA,NA,NA,18,18,NA,NA,NA,NA,36
"84","Belize",NA,NA,NA,NA,NA,NA,NA,NA,NA,74,70,8,83,161,0.490853658536585,0.213414634146341,0.225609756097561,0.024390243902439,56,40,91,40,227,"BLZ",10490,228,1666.36811594203,33.1594202898551,61.2051304347826,52.2282028985507,53.7647246376812,41.4855072463768,0.0393231257351938,45.922949933723,7.58550724637681,NA,NA,NA,NA,NA,NA,NA,NA,NA,NA,NA
"85","Bolivia (Plurinational State of)",NA,NA,NA,NA,NA,NA,NA,NA,NA,40,192,1,2,195,0.594512195121951,0.585365853658537,0.121951219512195,0.00304878048780488,20,146,4,146,316,NA,NA,NA,NA,NA,NA,NA,NA,NA,NA,NA,NA,NA,NA,NA,NA,NA,NA,NA,NA,NA,NA,NA
"86","Barbados",NA,NA,NA,NA,NA,NA,NA,NA,NA,65,44,41,85,170,0.518292682926829,0.134146341463415,0.198170731707317,0.125,76,62,139,62,339,"BRB",347,7,131.098550724638,5.32463768115942,48.033652173913,46.6772753623188,47.8120289855072,38.731884057971,0.0394021323160285,26.3504,8.65217391304348,NA,NA,NA,NA,13,13,NA,NA,NA,NA,26
"87","Bhutan",NA,NA,NA,NA,NA,NA,NA,NA,NA,0,99,2,134,235,0.716463414634146,0.301829268292683,0,0.00609756097560976,24,198,51,198,471,"BTN",576,0,154.898550724638,0,67.6504057971014,58.9963768115942,59.246231884058,57.2463768115942,0,0,8.29275362318841,NA,NA,NA,NA,NA,NA,NA,NA,NA,NA,NA
"88","Botswana",NA,NA,NA,NA,NA,NA,NA,NA,NA,45,34,91,65,190,0.579268292682927,0.103658536585366,0.13719512195122,0.277439024390244,132,134,156,134,556,"BWA",14025,40,2707.10724637681,9.2463768115942,53.6866956521739,43.7386376811594,45.147884057971,33.8768115942029,0.0159507499977007,254.533763479815,6.49565217391304,NA,NA,NA,NA,1,1,NA,NA,NA,NA,2
"89","Central African Republic",NA,NA,NA,NA,NA,NA,NA,NA,NA,38,67,78,52,197,0.600609756097561,0.204268292682927,0.115853658536585,0.23780487804878,112,152,101,152,517,"CAF",4948,63,2767.96811594203,34.0057971014493,41.9728115942029,34.0447246376812,34.6806086956522,29.6014492753623,0.00744160197437389,108.454221996166,4.76811594202899,NA,NA,NA,NA,NA,NA,NA,NA,NA,NA,NA
"90","CÃ´te d'Ivoire",NA,NA,NA,NA,NA,NA,NA,NA,NA,63,34,106,32,172,0.524390243902439,0.103658536585366,0.192073170731707,0.323170731707317,154,69,156,69,448,NA,NA,NA,NA,NA,NA,NA,NA,NA,NA,NA,NA,NA,NA,NA,NA,NA,NA,NA,NA,NA,NA,NA
"91","Cameroon",NA,NA,NA,NA,NA,NA,NA,NA,NA,69,40,73,53,166,0.50609756097561,0.121951219512195,0.210365853658537,0.222560975609756,104,48,150,48,350,"CMR",26277,448,12266.4956521739,257.292753623188,44.626115942029,37.0780869565217,40.2111304347826,15.1449275362319,0.0193036068356851,51.3809795427637,6.4231884057971,NA,NA,NA,NA,NA,NA,NA,NA,NA,NA,NA
"92","Democratic Republic of the Congo",NA,NA,NA,NA,NA,NA,NA,NA,NA,22,107,61,45,213,0.649390243902439,0.326219512195122,0.0670731707317073,0.185975609756098,93,185,43,185,506,NA,NA,NA,NA,NA,NA,NA,NA,NA,NA,NA,NA,NA,NA,NA,NA,NA,NA,NA,NA,NA,NA,NA
"93","Congo",NA,NA,NA,NA,NA,NA,NA,NA,NA,82,30,76,47,153,0.466463414634146,0.0914634146341463,0.25,0.231707317073171,109,23,163,23,318,"COG",6571,100,2599.12463768116,47.7652173913043,54.7615942028986,41.0930724637681,44.6769565217391,16.0144927536232,0.0209850245486104,50.7913686338067,5.88405797101449,NA,NA,NA,NA,NA,NA,NA,NA,NA,NA,NA
"94","Cook Islands",NA,NA,NA,NA,NA,NA,NA,NA,NA,40,19,176,0,195,0.594512195121951,0.0579268292682927,0.121951219512195,0.536585365853659,193,146,176,146,661,NA,NA,NA,NA,NA,NA,NA,NA,NA,NA,NA,NA,NA,NA,NA,NA,NA,NA,NA,NA,NA,NA,NA
"95","Comoros",NA,NA,NA,NA,NA,NA,NA,NA,NA,25,128,54,28,210,0.640243902439024,0.390243902439024,0.0762195121951219,0.164634146341463,86,179,32,179,476,NA,NA,NA,NA,NA,NA,NA,NA,NA,NA,NA,NA,NA,NA,NA,NA,NA,NA,NA,NA,NA,NA,NA
"96","Cabo Verde",NA,NA,NA,NA,NA,NA,NA,NA,NA,48,101,86,0,187,0.570121951219512,0.307926829268293,0.146341463414634,0.26219512195122,127,124,47,124,422,NA,NA,NA,NA,NA,NA,NA,NA,NA,NA,NA,NA,NA,NA,NA,NA,NA,NA,NA,NA,NA,NA,NA
"97","Cuba",NA,NA,NA,NA,NA,NA,NA,NA,NA,38,77,76,44,197,0.600609756097561,0.234756097560976,0.115853658536585,0.231707317073171,109,152,74,152,487,"CUB",10900,140,3481.26666666667,77.2521739130435,64.2968115942029,54.5,56.6599130434783,39.3840579710145,0.0236796450731649,47.3125227341536,8.37391304347826,NA,NA,NA,NA,NA,NA,NA,NA,NA,NA,NA
"98","Cyprus",NA,NA,NA,NA,NA,NA,NA,NA,NA,83,48,67,37,152,0.463414634146341,0.146341463414634,0.253048780487805,0.204268292682927,99,22,134,22,277,"CYP",19316,108,2861.24347826087,22.3942028985507,56.409884057971,59.1923768115942,55.2666086956522,86.6666666666667,0.011431471613397,105.376609229575,9.33333333333333,47,17,NA,NA,62,62,27,34,32,93,124
"99","Djibouti",NA,NA,NA,NA,NA,NA,NA,NA,NA,97,34,104,0,138,0.420731707317073,0.103658536585366,0.295731707317073,0.317073170731707,151,5,156,5,317,"DJI",5804,61,3482.12463768116,36.2869565217391,49.039652173913,40.8893043478261,45.4537391304348,8.94927536231884,0.00724710647161067,152.015371052754,7.14782608695652,NA,NA,NA,NA,NA,NA,NA,NA,NA,NA,NA
"100","Dominica",NA,NA,NA,NA,NA,NA,NA,NA,NA,47,85,103,0,188,0.573170731707317,0.259146341463415,0.143292682926829,0.314024390243902,148,129,66,129,472,"DMA",88,0,26.7101449275362,0,39.3014782608696,41.5552753623188,42.4606956521739,35.2173913043478,0,0,NA,NA,NA,NA,NA,NA,NA,NA,NA,NA,NA,NA
"101","Algeria",NA,NA,NA,NA,NA,NA,NA,NA,NA,96,67,62,10,139,0.423780487804878,0.204268292682927,0.292682926829268,0.189024390243902,94,7,101,7,209,"DZA",97441,2716,30676.4492753623,1095.08985507246,63.7935072463768,51.4423188405797,53.4714782608696,37.2463768115942,0.0482679597352106,26.7156109431897,7.2231884057971,NA,NA,NA,NA,NA,NA,NA,NA,NA,NA,NA
"102","Ecuador",NA,NA,NA,NA,NA,NA,NA,NA,NA,52,169,2,12,183,0.557926829268293,0.515243902439024,0.158536585365854,0.00609756097560976,24,114,13,114,265,"ECU",208828,13984,81871.2753623188,5981.24347826087,62.4970144927536,56.4161449275362,55.5825797101449,62.2463768115942,0.0580890136345944,19.4006483348474,8.52173913043478,NA,NA,65,73,NA,NA,NA,NA,NA,NA,NA
"103","Egypt",NA,NA,NA,NA,NA,NA,NA,NA,NA,84,71,3,77,151,0.460365853658537,0.216463414634146,0.25609756097561,0.00914634146341463,29,19,88,19,155,"EGY",130126,7309,60897.0405797101,3297.16231884058,57.593652173913,52.1284057971015,51.3459710144928,57.6086956521739,0.0459666002251564,24.3148939400679,7.13913043478261,NA,NA,42,39,NA,NA,NA,NA,NA,NA,NA
"104","Eritrea",NA,NA,NA,NA,NA,NA,NA,NA,NA,14,68,112,41,221,0.673780487804878,0.207317073170732,0.0426829268292683,0.341463414634146,157,191,96,191,635,"ERI",992,1,250.365217391304,0.0347826086956522,72.5284637681159,51.8665797101449,56.3542608695652,20.4347826086957,3.25387737362613e-05,38.536,5.54492753623188,NA,NA,NA,NA,NA,NA,NA,NA,NA,NA,NA
"105","Estonia",NA,NA,NA,NA,NA,NA,NA,NA,NA,64,39,112,20,171,0.521341463414634,0.11890243902439,0.195121951219512,0.341463414634146,157,64,153,64,438,"EST",24582,202,3935.86956521739,60.3855072463768,38.598231884058,37.1335072463768,35.2310434782609,50.4347826086956,0.0191270588861626,70.587555922028,6.13333333333333,45,19,47,44,59,60,73,71,75,219,119
"106","Ethiopia",NA,NA,NA,NA,NA,NA,NA,NA,NA,5,151,31,48,230,0.701219512195122,0.460365853658537,0.0152439024390244,0.0945121951219512,68,197,18,197,480,"ETH",121880,1897,37196.1826086956,580.602898550725,59.921884057971,47.6059420289855,51.1585797101449,22.7536231884058,0.0136969056823658,67.0284442112754,7.07536231884058,NA,NA,NA,NA,NA,NA,NA,NA,NA,NA,NA
"107","Fiji",NA,NA,NA,NA,NA,NA,NA,NA,NA,31,61,139,4,204,0.621951219512195,0.185975609756098,0.0945121951219512,0.423780487804878,177,170,114,170,631,"FJI",46,2,22.1739130434783,0.814492753623188,53.2240579710145,53.1570434782609,52.0361739130435,61.0144927536232,0.0238360004653149,12.092,8.9304347826087,NA,NA,NA,NA,NA,NA,NA,NA,NA,NA,NA
"108","Micronesia (Federated States of)",NA,NA,NA,NA,NA,NA,NA,NA,NA,57,55,59,64,178,0.542682926829268,0.167682926829268,0.173780487804878,0.179878048780488,91,90,120,90,391,NA,NA,NA,NA,NA,NA,NA,NA,NA,NA,NA,NA,NA,NA,NA,NA,NA,NA,NA,NA,NA,NA,NA
"109","Gabon",NA,NA,NA,NA,NA,NA,NA,NA,NA,76,80,52,27,159,0.484756097560976,0.24390243902439,0.231707317073171,0.158536585365854,85,36,70,36,227,"GAB",9497,64,4958.58260869565,32.5971014492754,65.6579710144928,61.4403768115942,60.4507536231884,68.3695652173913,0.012938554144689,153.226713332222,8.9768115942029,NA,NA,NA,NA,7,7,NA,NA,NA,NA,14
"110","Ghana",NA,NA,NA,NA,NA,NA,NA,NA,NA,67,50,3,115,168,0.51219512195122,0.152439024390244,0.204268292682927,0.00914634146341463,29,55,130,55,269,"GHA",54043,333,25130.3101449275,153.83768115942,44.2300869565217,40.7394492753623,44.8012173913043,12.3188405797101,0.00669223956977468,180.506918917042,8.34782608695652,NA,NA,NA,NA,NA,NA,NA,NA,NA,NA,NA
"111","Guinea",NA,NA,NA,NA,NA,NA,NA,NA,NA,36,109,90,0,199,0.606707317073171,0.332317073170732,0.109756097560976,0.274390243902439,129,156,40,156,481,"GIN",13646,80,6216.02028985507,37.368115942029,55.1590144927536,NA,NA,32.2463768115942,0.00453067995532777,176.486186078693,7.82267441860465,NA,NA,NA,NA,NA,NA,NA,NA,NA,NA,NA
"112","Gambia",NA,NA,NA,NA,NA,NA,NA,NA,NA,36,101,60,38,199,0.606707317073171,0.307926829268293,0.109756097560976,0.182926829268293,92,156,47,156,451,"GMB",3791,123,1466.60289855072,47.0057971014493,56.0223188405797,42.9973913043478,48.7929565217391,NA,0.0465564496685449,30.6030584620979,6.84927536231884,NA,NA,NA,NA,NA,NA,NA,NA,NA,NA,NA
"113","Guinea-Bissau",NA,NA,NA,NA,NA,NA,NA,NA,NA,55,89,91,0,180,0.548780487804878,0.271341463414634,0.167682926829268,0.277439024390244,132,97,62,97,388,NA,NA,NA,NA,NA,NA,NA,NA,NA,NA,NA,NA,NA,NA,NA,NA,NA,NA,NA,NA,NA,NA,NA
"114","Equatorial Guinea",NA,NA,NA,NA,NA,NA,NA,NA,NA,59,65,99,12,176,0.536585365853659,0.198170731707317,0.179878048780488,0.301829268292683,142,80,106,80,408,NA,NA,NA,NA,NA,NA,NA,NA,NA,NA,NA,NA,NA,NA,NA,NA,NA,NA,NA,NA,NA,NA,NA
"115","Grenada",NA,NA,NA,NA,NA,NA,NA,NA,NA,41,60,69,65,194,0.591463414634146,0.182926829268293,0.125,0.210365853658537,101,145,117,145,508,NA,NA,NA,NA,NA,NA,NA,NA,NA,NA,NA,NA,NA,NA,NA,NA,12,12,NA,NA,NA,NA,24
"116","Guatemala",NA,NA,NA,NA,NA,NA,NA,NA,NA,45,165,3,22,190,0.579268292682927,0.503048780487805,0.13719512195122,0.00914634146341463,29,134,15,134,312,"GTM",135080,4757,47852.4115942029,1702.26376811594,67.9354492753623,55.2026086956522,55.9154492753623,50.2173913043478,0.0312755492475794,35.2941637321426,7.3768115942029,NA,NA,73,78,NA,NA,NA,NA,NA,NA,NA
"117","Guyana",NA,NA,NA,NA,NA,NA,NA,NA,NA,47,134,3,51,188,0.573170731707317,0.408536585365854,0.143292682926829,0.00914634146341463,29,129,29,129,316,"GUY",6289,162,1590.45797101449,47.4869565217391,65.5295942028986,55.485652173913,60.1726086956522,22.6811594202899,0.0595182601071767,27.8078448634124,9.1536231884058,NA,NA,NA,NA,NA,NA,NA,NA,NA,NA,NA
"118","Honduras",NA,NA,NA,NA,NA,NA,NA,NA,NA,44,147,1,43,191,0.582317073170732,0.448170731707317,0.134146341463415,0.00304878048780488,20,138,21,138,317,"HND",118659,3061,41774.1565217391,1196.0231884058,76.1378550724638,63.0349565217391,62.6820289855072,65.5072463768116,0.0306952124596912,34.3913944827962,7.62898550724638,NA,NA,NA,NA,NA,NA,NA,NA,NA,NA,NA
"119","India",NA,NA,NA,NA,NA,NA,NA,NA,NA,0,146,0,89,235,0.716463414634146,0.445121951219512,0,0,1,198,22,198,419,"IND",10169118,147343,3142841.26956522,49772.747826087,70.460347826087,62.538115942029,64.0702608695652,51.8115942028985,0.018816294958501,59.6127428965115,10.4492753623188,2,62,34,32,57,58,NA,NA,NA,NA,115
"120","Ireland",NA,NA,NA,NA,NA,NA,NA,NA,NA,64,90,81,0,171,0.521341463414634,0.274390243902439,0.195121951219512,0.246951219512195,118,64,60,64,306,"IRL",84098,2194,30332.715942029,1336.19130434783,59.3742898550725,57.361884057971,54.1294202898551,80,0.0412375822374247,34.6582810559082,8.07826086956522,46,18,20,20,68,68,70,58,57,185,136
"121","Iran (Islamic Republic of)",NA,NA,NA,NA,NA,NA,NA,NA,NA,59,69,0,107,176,0.536585365853659,0.210365853658537,0.179878048780488,0,1,80,94,80,255,NA,NA,NA,NA,NA,NA,NA,NA,NA,NA,NA,NA,NA,NA,NA,NA,NA,NA,NA,NA,NA,NA,NA
"122","Iraq",NA,NA,NA,NA,NA,NA,NA,NA,NA,34,173,0,28,201,0.61280487804878,0.527439024390244,0.103658536585366,0,1,162,10,162,335,"IRQ",589943,12755,187300.808695652,4704.42898550725,68.6175942028985,56.3140289855072,59.6175362318841,33.1884057971015,0.0328375245675881,38.0015991223588,NA,NA,NA,NA,77,NA,NA,NA,NA,NA,NA,NA
"123","Israel",NA,NA,NA,NA,NA,NA,NA,NA,NA,63,65,33,74,172,0.524390243902439,0.198170731707317,0.192073170731707,0.100609756097561,70,69,106,69,314,"ISR",394391,3186,120356.365217391,982.75652173913,61.5807536231884,60.8230144927536,58.539884057971,NA,0.00810006399052639,145.91660274156,9.90434782608696,42,22,25,24,79,79,40,38,37,115,158
"124","Jamaica",NA,NA,NA,NA,NA,NA,NA,NA,NA,86,71,2,76,149,0.454268292682927,0.216463414634146,0.26219512195122,0.00609756097560976,24,14,88,14,140,"JAM",12597,294,3333.51014492754,68.6347826086957,65.5212463768116,57.5151884057971,60.1214782608696,39.2753623188406,0.0173586153700404,66.9808387186597,9.36627906976744,NA,NA,NA,NA,NA,NA,NA,NA,NA,NA,NA
"125","Kenya",NA,NA,NA,NA,NA,NA,NA,NA,NA,23,140,25,47,212,0.646341463414634,0.426829268292683,0.0701219512195122,0.0762195121951219,65,181,26,181,453,"KEN",95713,1653,25755.0608695652,459.411594202899,61.3640579710145,50.5628405797101,53.6866956521739,28.695652173913,0.0199037673494738,53.1113490461052,7.82898550724638,NA,NA,68,68,NA,NA,NA,NA,NA,NA,NA
"126","Kyrgyzstan",NA,NA,NA,NA,NA,NA,NA,NA,NA,81,74,3,77,154,0.469512195121951,0.225609756097561,0.246951219512195,0.00914634146341463,29,27,84,27,167,NA,NA,NA,NA,NA,NA,NA,NA,NA,NA,NA,NA,NA,NA,NA,NA,36,36,NA,NA,NA,NA,72
"127","Cambodia",NA,NA,NA,NA,NA,NA,NA,NA,NA,78,77,22,58,157,0.478658536585366,0.234756097560976,0.23780487804878,0.0670731707317073,64,30,74,30,198,"KHM",363,0,183.750724637681,0,40.0786376811594,32.4400579710145,33.5804927536232,24.4565217391304,0,0,4.85217391304348,NA,NA,NA,75,NA,NA,NA,NA,NA,NA,NA
"128","Kiribati",NA,NA,NA,NA,NA,NA,NA,NA,NA,37,15,183,0,198,0.603658536585366,0.0457317073170732,0.11280487804878,0.557926829268293,195,154,179,154,682,"KIR",0,0,0,0,20.5264637681159,13.23,15.1253623188406,0,0,0,2.44927536231884,NA,NA,NA,NA,NA,NA,NA,NA,NA,NA,NA
"129","Saint Kitts and Nevis",NA,NA,NA,NA,NA,NA,NA,NA,NA,82,55,98,0,153,0.466463414634146,0.167682926829268,0.25,0.298780487804878,141,23,120,23,307,NA,NA,NA,NA,NA,NA,NA,NA,NA,NA,NA,NA,NA,NA,NA,NA,NA,NA,NA,NA,NA,NA,NA
"130","Kuwait",NA,NA,NA,NA,NA,NA,NA,NA,NA,54,181,0,0,181,0.551829268292683,0.551829268292683,0.164634146341463,0,1,103,7,103,214,"KWT",149277,926,60405.631884058,383.263768115942,69.679768115942,55.9053333333333,59.9931014492754,27.2826086956522,0.00499714777033364,198.730014526904,8.40579710144928,NA,NA,NA,NA,47,47,NA,NA,NA,NA,94
"131","Lao People's Democratic Republic",NA,NA,NA,NA,NA,NA,NA,NA,NA,54,42,84,55,181,0.551829268292683,0.128048780487805,0.164634146341463,0.25609756097561,121,103,143,103,470,NA,NA,NA,NA,NA,NA,NA,NA,NA,NA,NA,NA,NA,NA,NA,NA,NA,NA,NA,NA,NA,NA,NA
"132","Liberia",NA,NA,NA,NA,NA,NA,NA,NA,NA,8,75,41,111,227,0.692073170731707,0.228658536585366,0.024390243902439,0.125,76,195,81,195,547,"LBR",1798,83,797.713043478261,46.6869565217391,57.7195942028985,41.8985217391304,47.8837391304348,0,0.0540981360702164,17.1474906886341,6.52173913043478,NA,NA,NA,NA,NA,NA,NA,NA,NA,NA,NA
"133","Libya",NA,NA,NA,NA,NA,NA,NA,NA,NA,51,77,25,82,184,0.560975609756098,0.234756097560976,0.155487804878049,0.0762195121951219,65,117,74,117,373,"LBY",97653,1415,22052.5913043478,324.457971014493,74.8631884057971,50.9817101449275,58.2660579710145,0,0.0183936768069115,56.8198242221661,6.11014492753623,NA,NA,NA,NA,3,3,NA,NA,NA,NA,6
"134","Saint Lucia",NA,NA,NA,NA,NA,NA,NA,NA,NA,63,100,20,52,172,0.524390243902439,0.304878048780488,0.192073170731707,0.0609756097560976,63,69,49,69,250,NA,NA,NA,NA,NA,NA,NA,NA,NA,NA,NA,NA,NA,NA,NA,NA,NA,NA,NA,NA,NA,NA,NA
"135","Liechtenstein",NA,NA,NA,NA,NA,NA,NA,NA,NA,58,28,112,37,177,0.539634146341463,0.0853658536585366,0.176829268292683,0.341463414634146,157,84,168,84,493,"LIE",2034,34,315.315942028985,3.68695652173913,46.5078260869565,37.5096231884058,42.8685217391304,0,0.00830981354480655,122.668365609784,6.94782608695652,NA,NA,NA,NA,63,63,NA,NA,NA,NA,126
"136","Sri Lanka",NA,NA,NA,NA,NA,NA,NA,NA,NA,15,141,42,37,220,0.670731707317073,0.429878048780488,0.0457317073170732,0.128048780487805,79,190,23,190,482,"LKA",39782,186,6185.73623188406,26.8057971014493,49.9462028985507,49.0185507246377,50.9904347826087,35.2173913043478,0.00567394198377949,248.177384807663,9.6231884057971,NA,NA,67,66,15,15,NA,NA,NA,NA,30
"137","Lesotho",NA,NA,NA,NA,NA,NA,NA,NA,NA,6,42,66,121,229,0.698170731707317,0.128048780487805,0.0182926829268293,0.201219512195122,98,196,143,196,633,"LSO",2725,51,784.968115942029,17.4347826086957,51.967768115942,39.1404927536232,41.2022028985507,24.7101449275362,0.0115237096953002,33.5323868849834,5.09565217391304,NA,NA,NA,NA,NA,NA,NA,NA,NA,NA,NA
"138","Monaco",NA,NA,NA,NA,NA,NA,NA,NA,NA,69,31,125,10,166,0.50609756097561,0.0945121951219512,0.210365853658537,0.38109756097561,169,48,162,48,427,NA,NA,NA,NA,NA,NA,NA,NA,NA,NA,NA,NA,NA,NA,NA,NA,NA,NA,NA,NA,NA,NA,NA
"139","Madagascar",NA,NA,NA,NA,NA,NA,NA,NA,NA,86,12,70,67,149,0.454268292682927,0.0365853658536585,0.26219512195122,0.213414634146341,102,14,182,14,312,"MDG",17633,260,7900.32173913044,105.344927536232,50.7246666666667,43.1147536231884,44.8019130434783,31.304347826087,0.00781320158501635,87.6551391858026,7.52463768115942,NA,NA,NA,NA,NA,NA,NA,NA,NA,NA,NA
"140","Maldives",NA,NA,NA,NA,NA,NA,NA,NA,NA,35,70,118,12,200,0.609756097560976,0.213414634146341,0.106707317073171,0.359756097560976,165,159,91,159,574,NA,NA,NA,NA,NA,NA,NA,NA,NA,NA,NA,NA,NA,NA,NA,NA,5,5,NA,NA,NA,NA,10
"141","Marshall Islands",NA,NA,NA,NA,NA,NA,NA,NA,NA,77,5,148,5,158,0.481707317073171,0.0152439024390244,0.234756097560976,0.451219512195122,180,32,188,32,432,NA,NA,NA,NA,NA,NA,NA,NA,NA,NA,NA,NA,NA,NA,NA,NA,NA,NA,NA,NA,NA,NA,NA
"142","Mali",NA,NA,NA,NA,NA,NA,NA,NA,NA,74,62,78,21,161,0.490853658536585,0.189024390243902,0.225609756097561,0.23780487804878,112,40,112,40,304,"MLI",6488,245,2145.05217391304,90.6231884057971,42.3559420289855,37.7217101449275,38.7233333333333,30.7246376811594,0.0395362069311284,24.1177937935504,NA,NA,NA,NA,NA,NA,NA,NA,NA,NA,NA,NA
"143","Myanmar",NA,NA,NA,NA,NA,NA,NA,NA,NA,28,177,3,27,207,0.63109756097561,0.539634146341463,0.0853658536585366,0.00914634146341463,29,178,9,178,394,"MMR",120546,2552,19666.1623188406,430.295652173913,66.238347826087,53.8109565217391,58.8262608695652,18.695652173913,0.0199573736547672,57.0173555196012,8.92173913043478,NA,NA,71,76,2,2,NA,NA,NA,NA,4
"144","Mongolia",NA,NA,NA,NA,NA,NA,NA,NA,NA,82,73,38,42,153,0.466463414634146,0.222560975609756,0.25,0.115853658536585,73,23,85,23,204,"MNG",1082,0,268.107246376812,0.00869565217391304,63.1641739130435,55.4071014492754,55.7990724637681,52.6811594202899,7.18706516614279e-06,14.52,7.94782608695652,1,63,NA,NA,NA,NA,NA,NA,NA,NA,NA
"145","Mozambique",NA,NA,NA,NA,NA,NA,NA,NA,NA,18,126,8,83,217,0.661585365853659,0.384146341463415,0.0548780487804878,0.024390243902439,56,189,33,189,467,"MOZ",18108,156,4728.80869565217,35.9449275362319,54.740115942029,42.8537971014493,48.9742608695652,0,0.00448599281406205,129.529925352639,7.25507246376812,NA,NA,NA,NA,NA,NA,NA,NA,NA,NA,NA
"146","Mauritania",NA,NA,NA,NA,NA,NA,NA,NA,NA,40,92,103,0,195,0.594512195121951,0.280487804878049,0.121951219512195,0.314024390243902,148,146,58,146,498,"MRT",13264,314,4363.63188405797,101.228985507246,41.5554202898551,35.9799710144928,37.962115942029,22.1014492753623,0.0370417707275774,38.7056825095936,6.0695652173913,NA,NA,NA,NA,NA,NA,NA,NA,NA,NA,NA
"147","Montserrat",NA,NA,NA,NA,NA,NA,NA,NA,NA,25,61,135,14,210,0.640243902439024,0.185975609756098,0.0762195121951219,0.411585365853659,175,179,114,179,647,NA,NA,NA,NA,NA,NA,NA,NA,NA,NA,NA,NA,NA,NA,NA,NA,NA,NA,NA,NA,NA,NA,NA
"148","Mauritius",NA,NA,NA,NA,NA,NA,NA,NA,NA,55,33,140,7,180,0.548780487804878,0.100609756097561,0.167682926829268,0.426829268292683,179,97,160,97,533,"MUS",527,10,306.310144927536,7.91594202898551,31.6373333333333,37.4049855072464,35.6363188405797,49.7826086956522,0.0224331590593747,43.8912380952381,7.72463768115942,NA,NA,NA,NA,17,17,NA,NA,NA,NA,34
"149","Malawi",NA,NA,NA,NA,NA,NA,NA,NA,NA,48,69,79,39,187,0.570121951219512,0.210365853658537,0.146341463414634,0.240853658536585,115,124,94,124,457,"MWI",6339,187,2848.05507246377,84.4927536231884,47.9307536231884,40.9724637681159,41.5531884057971,36.9202898550725,0.0285719362066597,42.3660985984977,5.90434782608696,NA,NA,NA,NA,NA,NA,NA,NA,NA,NA,NA
"150","Namibia",NA,NA,NA,NA,NA,NA,NA,NA,NA,39,68,73,55,196,0.597560975609756,0.207317073170732,0.11890243902439,0.222560975609756,104,151,96,151,502,"NAM",21262,187,5251.84927536232,51.6550724637681,46.1914202898551,NA,NA,15.8695652173913,0.00451138279976284,100.066045970457,7.42899408284024,NA,NA,NA,NA,NA,NA,NA,NA,NA,NA,NA
"151","Niger",NA,NA,NA,NA,NA,NA,NA,NA,NA,65,83,87,0,170,0.518292682926829,0.253048780487805,0.198170731707317,0.265243902439024,128,62,67,62,319,"NER",3005,91,960.414492753623,50.1623188405797,25.3617391304348,23.827652173913,24.9043768115942,16.304347826087,0.0451017347463215,22.0095037673994,5.54492753623188,NA,NA,NA,NA,NA,NA,NA,NA,NA,NA,NA
"152","Nigeria",NA,NA,NA,NA,NA,NA,NA,NA,NA,56,91,58,30,179,0.545731707317073,0.277439024390244,0.170731707317073,0.176829268292683,90,92,59,92,333,"NGA",82747,1246,32556.8434782609,616.463768115942,57.4484637681159,50.4495652173913,55.7045217391304,13.6594202898551,0.0178789761833979,55.3412053859024,9.52753623188406,NA,NA,NA,NA,NA,NA,NA,NA,NA,NA,NA
"153","Nicaragua",NA,NA,NA,NA,NA,NA,NA,NA,NA,52,0,108,75,183,0.557926829268293,0,0.158536585365854,0.329268292682927,156,114,189,114,573,"NIC",5991,164,2746.5884057971,81.8927536231884,13.2247536231884,NA,NA,0,0.0571714250407236,30.2968954768637,3.36627906976744,NA,NA,NA,NA,NA,NA,NA,NA,NA,NA,NA
"154","Niue",NA,NA,NA,NA,NA,NA,NA,NA,NA,45,6,184,0,190,0.579268292682927,0.0182926829268293,0.13719512195122,0.560975609756098,196,134,187,134,651,NA,NA,NA,NA,NA,NA,NA,NA,NA,NA,NA,NA,NA,NA,NA,NA,NA,NA,NA,NA,NA,NA,NA
"155","Nepal",NA,NA,NA,NA,NA,NA,NA,NA,NA,32,131,6,66,203,0.61890243902439,0.399390243902439,0.0975609756097561,0.0182926829268293,51,168,30,168,417,"NPL",257200,1816,61570.231884058,373.753623188406,69.8286376811594,55.5323188405797,56.6844927536232,47.463768115942,0.00327187257801152,219.714355631991,NA,NA,NA,NA,NA,NA,NA,NA,NA,NA,NA,NA
"156","Nauru",NA,NA,NA,NA,NA,NA,NA,NA,NA,10,0,225,0,225,0.685975609756098,0,0.0304878048780488,0.685975609756098,200,193,189,193,775,NA,NA,NA,NA,NA,NA,NA,NA,NA,NA,NA,NA,NA,NA,NA,NA,NA,NA,NA,NA,NA,NA,NA
"157","Oman",NA,NA,NA,NA,NA,NA,NA,NA,NA,143,41,3,48,92,0.280487804878049,0.125,0.435975609756098,0.00914634146341463,29,2,148,2,181,"OMN",128290,1491,55228.8956521739,505.553623188406,67.2926376811594,58.9095652173913,60.5096811594203,47.7173913043478,0.00599068375313849,170.2115073675,9.73043478260869,NA,NA,62,62,27,27,NA,NA,NA,NA,54
"158","Pakistan",NA,NA,NA,NA,NA,NA,NA,NA,NA,56,112,42,25,179,0.545731707317073,0.341463414634146,0.170731707317073,0.128048780487805,79,92,37,92,300,"PAK",469482,9816,193423.536231884,4000.8231884058,57.8239710144928,51.9805797101449,51.6224057971015,54.4927536231884,0.0166873179908069,61.6941510289137,NA,NA,NA,NA,NA,9,9,NA,NA,NA,NA,18
"159","Palau",NA,NA,NA,NA,NA,NA,NA,NA,NA,56,40,139,0,179,0.545731707317073,0.121951219512195,0.170731707317073,0.423780487804878,177,92,150,92,511,NA,NA,NA,NA,NA,NA,NA,NA,NA,NA,NA,NA,NA,NA,NA,NA,NA,NA,NA,NA,NA,NA,NA
"160","Papua New Guinea",NA,NA,NA,NA,NA,NA,NA,NA,NA,35,30,170,0,200,0.609756097560976,0.0914634146341463,0.106707317073171,0.518292682926829,191,159,163,159,672,"PNG",780,9,245.002898550725,2.8,45.1522028985507,42.1096231884058,42.4329275362319,39.8550724637681,0.00570214108722405,53.618980952381,7.14492753623188,NA,NA,NA,NA,NA,NA,NA,NA,NA,NA,NA
"161","Democratic People's Korea, Rep.",NA,NA,NA,NA,NA,NA,NA,NA,NA,44,28,122,41,191,0.582317073170732,0.0853658536585366,0.134146341463415,0.371951219512195,168,138,168,138,612,NA,NA,NA,NA,NA,NA,NA,NA,NA,NA,NA,NA,NA,NA,NA,NA,NA,NA,NA,NA,NA,NA,NA
"162","Paraguay",NA,NA,NA,NA,NA,NA,NA,NA,NA,54,158,0,23,181,0.551829268292683,0.481707317073171,0.164634146341463,0,1,103,17,103,224,"PRY",103888,2154,23740.5536231884,492.379710144928,66.0591304347826,56.1044057971014,56.0040579710145,56.8115942028985,0.0171014488149226,73.1506284910715,6.96811594202899,NA,NA,NA,NA,NA,NA,NA,NA,NA,NA,NA
"163","State of Palestine",NA,NA,NA,NA,NA,NA,NA,NA,NA,36,83,0,116,199,0.606707317073171,0.253048780487805,0.109756097560976,0,1,156,67,156,380,NA,NA,NA,NA,NA,NA,NA,NA,NA,NA,NA,NA,NA,NA,NA,NA,NA,NA,NA,NA,NA,NA,NA
"164","Rwanda",NA,NA,NA,NA,NA,NA,NA,NA,NA,10,137,15,73,225,0.685975609756098,0.417682926829268,0.0304878048780488,0.0457317073170732,62,193,28,193,476,"RWA",7743,69,2422.50724637681,15.536231884058,64.9251594202899,60.7093913043478,62.1267826086957,50.7971014492754,0.00334598802285421,197.350190712936,10.231884057971,NA,NA,NA,NA,NA,NA,NA,NA,NA,NA,NA
"165","Sudan",NA,NA,NA,NA,NA,NA,NA,NA,NA,146,86,3,0,89,0.271341463414634,0.26219512195122,0.445121951219512,0.00914634146341463,29,1,65,1,96,"SDN",24341,1468,8653.93333333333,549.269565217391,NA,NA,NA,NA,Inf,17.0634073227078,5.14244186046512,NA,NA,NA,NA,NA,NA,NA,NA,NA,NA,NA
"166","Senegal",NA,NA,NA,NA,NA,NA,NA,NA,NA,63,63,62,47,172,0.524390243902439,0.192073170731707,0.192073170731707,0.189024390243902,94,69,110,69,342,"SEN",18369,386,8126.48405797101,160.904347826087,42.2523188405797,42.5312463768116,41.3769855072464,50.6159420289855,0.0137089840102292,72.4451309310652,NA,NA,NA,NA,NA,NA,NA,NA,NA,NA,NA,NA
"167","Singapore",NA,NA,NA,NA,NA,NA,NA,NA,NA,50,19,128,38,185,0.564024390243902,0.0579268292682927,0.152439024390244,0.390243902439024,170,120,176,120,586,"SGP",58509,29,36227.947826087,19.695652173913,50.3477971014493,57.1959710144928,54.9444637681159,72.9710144927536,0.000718558564505642,1915.17329665355,11.2521739130435,55,9,19,21,76,76,75,76,76,227,152
"168","Solomon Islands",NA,NA,NA,NA,NA,NA,NA,NA,NA,46,19,155,15,189,0.576219512195122,0.0579268292682927,0.140243902439024,0.472560975609756,187,132,176,132,627,"SLB",17,0,3.10724637681159,0,33.0254202898551,22.6674202898551,22.6439710144928,22.8260869565217,0,0,2.37101449275362,NA,NA,NA,NA,NA,NA,NA,NA,NA,NA,NA
"169","Sierra Leone",NA,NA,NA,NA,NA,NA,NA,NA,NA,68,53,100,14,167,0.509146341463415,0.161585365853659,0.207317073170732,0.304878048780488,143,53,126,53,375,"SLE",2549,76,1297.33623188406,45.0376811594203,38.030231884058,37.9194782608696,41.752231884058,11.0869565217391,0.0278136990822783,28.0811521407404,8.6,NA,NA,NA,NA,NA,NA,NA,NA,NA,NA,NA
"170","El Salvador",NA,NA,NA,NA,NA,NA,NA,NA,NA,30,205,0,0,205,0.625,0.625,0.0914634146341463,0,1,174,2,174,351,"SLV",44892,1289,15686.7913043478,443.802898550725,67.4655072463768,60.5531884057971,60.8794782608696,58.2608695652174,0.0222306153969895,41.4676258034855,9.61159420289855,NA,NA,NA,74,NA,NA,NA,NA,NA,NA,NA
"171","San Marino",NA,NA,NA,NA,NA,NA,NA,NA,NA,76,64,95,0,159,0.484756097560976,0.195121951219512,0.231707317073171,0.289634146341463,138,36,108,36,318,"SMR",2231,56,717.36231884058,34.831884057971,44.1704927536232,44.2643768115942,42.5533043478261,56.231884057971,0.0606341892179393,23.9320042374517,7.06376811594203,NA,NA,NA,NA,NA,NA,NA,NA,NA,NA,NA
"172","Somalia",NA,NA,NA,NA,NA,NA,NA,NA,NA,44,75,101,15,191,0.582317073170732,0.228658536585366,0.134146341463415,0.307926829268293,145,138,81,138,502,"SOM",4690,127,2361.24347826087,67.8985507246377,36.4786666666667,27.7047246376812,31.320115942029,2.39130434782609,0.0246885746103339,35.3652256375839,4.83768115942029,NA,NA,NA,NA,NA,NA,NA,NA,NA,NA,NA
"173","South Sudan",NA,NA,NA,NA,NA,NA,NA,NA,NA,21,141,9,64,214,0.652439024390244,0.429878048780488,0.0640243902439024,0.0274390243902439,59,187,23,187,456,"SSD",3455,62,1629.51014492754,30.4115942028986,56.3650724637681,42.5742898550725,46.9686666666667,11.8115942028986,0.0121259980194956,52.7814897110086,NA,NA,NA,NA,NA,NA,NA,NA,NA,NA,NA,NA
"174","Sao Tome and Principe",NA,NA,NA,NA,NA,NA,NA,NA,NA,90,42,81,22,145,0.442073170731707,0.128048780487805,0.274390243902439,0.246951219512195,118,10,143,10,281,NA,NA,NA,NA,NA,NA,NA,NA,NA,NA,NA,NA,NA,NA,NA,NA,NA,NA,NA,NA,NA,NA,NA
"175","Suriname",NA,NA,NA,NA,NA,NA,NA,NA,NA,69,99,67,0,166,0.50609756097561,0.301829268292683,0.210365853658537,0.204268292682927,99,48,51,48,246,"SUR",5880,119,2192.3652173913,44.8695652173913,62.5132173913043,52.9086956521739,53.6744637681159,47.536231884058,0.028916106927642,46.7905366647135,7.43188405797101,NA,NA,NA,NA,NA,NA,NA,NA,NA,NA,NA
"176","Sweden",NA,NA,NA,NA,NA,NA,NA,NA,NA,48,0,115,72,187,0.570121951219512,0,0.146341463414634,0.350609756097561,161,124,189,124,598,"SWE",396048,8279,86675.1913043478,4169.76231884058,51.9888405797101,46.9327536231884,47.1372173913043,45.5072463768116,0.0583184568728631,30.9344079465925,7.08405797101449,59,5,8,9,86,86,66,61,59,186,172
"177","Eswatini",NA,NA,NA,NA,NA,NA,NA,NA,NA,23,100,6,106,212,0.646341463414634,0.304878048780488,0.0701219512195122,0.0182926829268293,51,181,49,181,462,"SWZ",8170,154,2700.64637681159,51.0347826086957,59.6461739130435,45.0879130434783,48.0600289855072,24.2753623188406,0.0128468444153279,70.5015640326198,5.71014492753623,NA,NA,NA,NA,NA,NA,NA,NA,NA,NA,NA
"178","Seychelles",NA,NA,NA,NA,NA,NA,NA,NA,NA,30,12,148,45,205,0.625,0.0365853658536585,0.0914634146341463,0.451219512195122,180,174,182,174,710,"SYC",211,0,80.663768115942,0,33.8115942028985,33.9224927536232,34.4948985507246,29.8913043478261,0,0,6.68985507246377,NA,NA,NA,NA,34,34,NA,NA,NA,NA,68
"179","Syrian Arab Republic",NA,NA,NA,NA,NA,NA,NA,NA,NA,81,55,10,89,154,0.469512195121951,0.167682926829268,0.246951219512195,0.0304878048780488,61,27,120,27,235,NA,NA,NA,NA,NA,NA,NA,NA,NA,NA,NA,NA,NA,NA,NA,NA,NA,NA,NA,NA,NA,NA,NA
"180","Turks and Caicos Islands",NA,NA,NA,NA,NA,NA,NA,NA,NA,60,97,78,0,175,0.533536585365854,0.295731707317073,0.182926829268293,0.23780487804878,112,79,55,79,325,NA,NA,NA,NA,NA,NA,NA,NA,NA,NA,NA,NA,NA,NA,NA,NA,NA,NA,NA,NA,NA,NA,NA
"181","Chad",NA,NA,NA,NA,NA,NA,NA,NA,NA,50,119,44,22,185,0.564024390243902,0.36280487804878,0.152439024390244,0.134146341463415,82,120,34,120,356,"TCD",1971,102,805.515942028985,56.9130434782609,57.9106086956522,46.542347826087,48.1914202898551,35,0.0540169611402778,13.6454291245305,6.29275362318841,NA,NA,NA,NA,NA,NA,NA,NA,NA,NA,NA
"182","Togo",NA,NA,NA,NA,NA,NA,NA,NA,NA,102,52,64,17,133,0.405487804878049,0.158536585365854,0.310975609756098,0.195121951219512,96,4,127,4,231,"TGO",3546,68,1106.46086956522,25.4028985507246,49.6808695652174,40.9965507246377,41.1905217391304,39.6376811594203,0.0238275817516483,43.8869197332569,5.65217391304348,NA,NA,NA,NA,NA,NA,NA,NA,NA,NA,NA
"183","Tajikistan",NA,NA,NA,NA,NA,NA,NA,NA,NA,97,0,138,0,138,0.420731707317073,0,0.295731707317073,0.420731707317073,176,5,189,5,375,"TJK",13475,89,5794.11594202899,46.4463768115942,39.6149855072464,34.8174782608696,35.2689565217391,31.6666666666667,0.00702855512803673,113.806555638069,6.03478260869565,NA,NA,NA,NA,NA,NA,NA,NA,NA,NA,NA
"184","Tokelau",NA,NA,NA,NA,NA,NA,NA,NA,NA,29,0,198,8,206,0.628048780487805,0,0.0884146341463415,0.603658536585366,198,177,189,177,741,NA,NA,NA,NA,NA,NA,NA,NA,NA,NA,NA,NA,NA,NA,NA,NA,NA,NA,NA,NA,NA,NA,NA
"185","Turkmenistan",NA,NA,NA,NA,NA,NA,NA,NA,NA,66,0,169,0,169,0.515243902439024,0,0.201219512195122,0.515243902439024,190,57,189,57,493,NA,NA,NA,NA,NA,NA,NA,NA,NA,NA,NA,NA,NA,NA,NA,NA,6,6,NA,NA,NA,NA,12
"186","Timor-Leste",NA,NA,NA,NA,NA,NA,NA,NA,NA,22,56,157,0,213,0.649390243902439,0.170731707317073,0.0670731707317073,0.478658536585366,188,185,118,185,676,"TLS",41,0,20.3768115942029,0,33.7684637681159,36.1157391304348,35.0422608695652,43.6231884057971,0,0,6.93333333333333,NA,NA,NA,NA,NA,NA,NA,NA,NA,NA,NA
"187","Tonga",NA,NA,NA,NA,NA,NA,NA,NA,NA,21,12,202,0,214,0.652439024390244,0.0365853658536585,0.0640243902439024,0.615853658536585,199,187,182,187,755,NA,NA,NA,NA,NA,NA,NA,NA,NA,NA,NA,NA,NA,NA,NA,NA,NA,NA,NA,NA,NA,NA,NA
"188","Trinidad and Tobago",NA,NA,NA,NA,NA,NA,NA,NA,NA,69,90,3,73,166,0.50609756097561,0.274390243902439,0.210365853658537,0.00914634146341463,29,48,60,48,185,"TTO",7097,125,2017.6347826087,37.9420289855072,63.1434202898551,53.3420869565217,57.7170144927536,22.7173913043478,0.032075771021855,42.9771116130651,8.91884057971014,NA,NA,NA,NA,33,33,NA,NA,NA,NA,66
"189","Tunisia",NA,NA,NA,NA,NA,NA,NA,NA,NA,71,75,3,86,164,0.5,0.228658536585366,0.216463414634146,0.00914634146341463,29,45,81,45,200,"TUN",128578,4385,22172.7043478261,653.014492753623,47.2380579710145,44.1534782608696,41.5790724637681,62.1739130434783,0.0265762829536365,41.8053970047792,6.20869565217391,NA,NA,63,67,32,32,NA,NA,NA,NA,64
"190","Tuvalu",NA,NA,NA,NA,NA,NA,NA,NA,NA,40,11,149,35,195,0.594512195121951,0.0335365853658537,0.121951219512195,0.454268292682927,182,146,185,146,659,NA,NA,NA,NA,NA,NA,NA,NA,NA,NA,NA,NA,NA,NA,NA,NA,NA,NA,NA,NA,NA,NA,NA
"191","United Republic of Tanzania",NA,NA,NA,NA,NA,NA,NA,NA,NA,31,52,132,20,204,0.621951219512195,0.158536585365854,0.0945121951219512,0.402439024390244,173,170,127,170,640,NA,NA,NA,NA,NA,NA,NA,NA,NA,NA,NA,NA,NA,NA,NA,NA,NA,NA,NA,NA,NA,NA,NA
"192","Uganda",NA,NA,NA,NA,NA,NA,NA,NA,NA,45,149,7,34,190,0.579268292682927,0.454268292682927,0.13719512195122,0.0213414634146341,55,134,19,134,342,"UGA",33360,245,5711.47536231884,48.5565217391304,65.3086086956522,52.3286376811594,55.7144057971014,28.6231884057971,0.00402423463208817,93.212364206948,7.9768115942029,NA,NA,NA,NA,NA,NA,NA,NA,NA,NA,NA
"193","Uzbekistan",NA,NA,NA,NA,NA,NA,NA,NA,NA,82,54,94,5,153,0.466463414634146,0.164634146341463,0.25,0.286585365853659,137,23,123,23,306,"UZB",76568,612,28069.0985507246,219.171014492754,53.9173913043478,48.7488115942029,49.9346086956522,40.4347826086956,0.00525410581078868,199.156533129205,8.42898550724638,NA,NA,NA,72,NA,NA,NA,NA,NA,NA,NA
"194","Saint Vincent and the Grenadines",NA,NA,NA,NA,NA,NA,NA,NA,NA,54,50,77,54,181,0.551829268292683,0.152439024390244,0.164634146341463,0.234756097560976,111,103,130,103,447,NA,NA,NA,NA,NA,NA,NA,NA,NA,NA,NA,NA,NA,NA,NA,NA,NA,NA,NA,NA,NA,NA,NA
"195","Venezuela (Bolivarian Republic of)",NA,NA,NA,NA,NA,NA,NA,NA,NA,62,170,3,0,173,0.527439024390244,0.518292682926829,0.189024390243902,0.00914634146341463,29,74,12,74,189,NA,NA,NA,NA,NA,NA,NA,NA,NA,NA,NA,NA,NA,NA,NA,NA,NA,NA,NA,NA,NA,NA,NA
"196","British Virgin Islands",NA,NA,NA,NA,NA,NA,NA,NA,NA,66,43,6,120,169,0.515243902439024,0.13109756097561,0.201219512195122,0.0182926829268293,51,57,141,57,306,NA,NA,NA,NA,NA,NA,NA,NA,NA,NA,NA,NA,NA,NA,NA,NA,NA,NA,NA,NA,NA,NA,NA
"197","Vanuatu",NA,NA,NA,NA,NA,NA,NA,NA,NA,31,13,185,6,204,0.621951219512195,0.0396341463414634,0.0945121951219512,0.564024390243902,197,170,181,170,718,"VUT",1,0,0.150724637681159,0,36.6512753623188,29.4164347826087,31.1175072463768,17.5,0,0,4.32173913043478,NA,NA,NA,NA,NA,NA,NA,NA,NA,NA,NA
"198","Samoa",NA,NA,NA,NA,NA,NA,NA,NA,NA,40,21,174,0,195,0.594512195121951,0.0640243902439024,0.121951219512195,0.530487804878049,192,146,172,146,656,NA,NA,NA,NA,NA,NA,NA,NA,NA,NA,NA,NA,NA,NA,NA,NA,NA,NA,NA,NA,NA,NA,NA
"199","Yemen",NA,NA,NA,NA,NA,NA,NA,NA,NA,48,70,90,27,187,0.570121951219512,0.213414634146341,0.146341463414634,0.274390243902439,129,124,91,124,468,"YEM",2092,606,1108.13333333333,315.779710144928,33.4245217391304,21.1689855072464,24.1928695652174,0,0.192392500106867,3.75654241967354,2.31594202898551,NA,NA,NA,NA,NA,NA,NA,NA,NA,NA,NA
"200","South Africa",NA,NA,NA,NA,NA,NA,NA,NA,NA,46,54,95,40,189,0.576219512195122,0.164634146341463,0.140243902439024,0.289634146341463,138,132,123,132,525,"ZAF",983359,26276,355930.857971015,8603.33623188406,57.5689565217391,57.5826086956522,58.6760869565217,49.9275362318841,0.0170731413290824,71.8755572308506,10.536231884058,12,52,32,33,21,21,NA,NA,NA,NA,42
"201","Zambia",NA,NA,NA,NA,NA,NA,NA,NA,NA,69,29,85,52,166,0.50609756097561,0.0884146341463415,0.210365853658537,0.259146341463415,124,48,166,48,386,"ZMB",19571,381,7054.73333333333,153.744927536232,41.3920579710145,36.7335942028986,39.0942898550725,20.2173913043478,0.0174756521229715,61.7063430433973,6.82028985507246,NA,NA,NA,NA,20,20,NA,NA,NA,NA,40
"202","Zimbabwe",NA,NA,NA,NA,NA,NA,NA,NA,NA,59,98,38,40,176,0.536585365853659,0.298780487804878,0.179878048780488,0.115853658536585,73,80,54,80,287,"ZWE",12880,341,3873.28405797101,106.327536231884,64.5191594202899,47.3058550724638,51.287652173913,19.4202898550725,0.0413796204458501,44.2335882578574,6.08405797101449,NA,NA,NA,NA,NA,NA,NA,NA,NA,NA,NA
"203",NA,NA,NA,NA,NA,NA,NA,NA,NA,NA,NA,NA,NA,NA,NA,NA,NA,NA,NA,NA,NA,NA,NA,NA,NA,NA,NA,NA,NA,NA,NA,NA,NA,NA,NA,NA,NA,NA,NA,NA,NA,NA,NA,NA,NA,NA,NA
